Time (%),Total Time (ns),Instances,Avg (ns),Med (ns),Min (ns),Max (ns),StdDev (ns),Name
23.4,288216152,28,10293434.0,10328063.5,9622366,10770306,251910.4,"void pytorch_flash::flash_fwd_kernel<Flash_fwd_kernel_traits<(int)128, (int)64, (int)64, (int)4, (bool)0, (bool)0, cutlass::bfloat16_t, Flash_kernel_traits<(int)128, (int)64, (int)64, (int)4, cutlass::bfloat16_t>>, (bool)0, (bool)1, (bool)0, (bool)0, (bool)1, (bool)1, (bool)0, (bool)0>(pytorch_flash::Flash_fwd_params)"
11.5,141551954,672,210642.8,227680.5,166465,252865,33995.3,_tq_dequant_kernel
6.9,84814982,672,126212.8,2688.0,2560,1486916,410058.3,"void at::native::unrolled_elementwise_kernel<at::native::direct_copy_kernel_cuda(at::TensorIteratorBase &)::[lambda() (instance 3)]::operator ()() const::[lambda() (instance 4)]::operator ()() const::[lambda(long) (instance 1)], std::array<char *, (unsigned long)2>, (int)4, TrivialOffsetCalculator<(int)1, unsigned int>, TrivialOffsetCalculator<(int)1, unsigned int>, at::native::memory::LoadWithCast<(int)1>, at::native::memory::StoreWithCast<(int)1>>(int, T1, T2, T4, T5, T6, T7)"
6.6,80950967,672,120462.7,3072.0,2816,1496580,390003.5,"void at::native::reduce_kernel<(int)512, (int)1, at::native::ReduceOp<long, at::native::func_wrapper_t<long, at::native::sum_functor<long, long, long>::operator ()(at::TensorIterator &)::[lambda(long, long) (instance 1)]>, unsigned int, long, (int)4, (int)4>>(T3)"
4.7,58217203,112,519796.5,433457.5,280896,912131,241942.9,ampere_bf16_s1688gemm_bf16_128x128_ldg8_f2f_tn
4.2,51311457,56,916276.0,919523.0,841283,941795,22248.2,void cutlass::Kernel2<cutlass_80_tensorop_bf16_s16816gemm_relu_bf16_256x128_32x3_tn_align8>(T1::Params)
3.3,40246033,2073,19414.4,2240.0,2112,292193,53595.0,"void at::native::elementwise_kernel<(int)128, (int)4, void at::native::gpu_kernel_impl_nocast<at::native::BinaryFunctor<c10::BFloat16, c10::BFloat16, c10::BFloat16, at::native::binary_internal::MulFunctor<float>>>(at::TensorIteratorBase &, const T1 &)::[lambda(int) (instance 1)]>(int, T3)"
2.9,35592330,672,52964.8,2432.0,2208,615202,168025.1,"void at::native::elementwise_kernel<(int)128, (int)4, void at::native::gpu_kernel_impl_nocast<at::native::BinaryFunctor<short, short, short, at::native::binary_internal::MulFunctor<short>>>(at::TensorIteratorBase &, const T1 &)::[lambda(int) (instance 1)]>(int, T3)"
2.8,34830569,2040,17073.8,2816.0,1824,299649,50219.9,"void at::native::unrolled_elementwise_kernel<at::native::direct_copy_kernel_cuda(at::TensorIteratorBase &)::[lambda() (instance 3)]::operator ()() const::[lambda() (instance 7)]::operator ()() const::[lambda(float) (instance 1)], std::array<char *, (unsigned long)2>, (int)4, TrivialOffsetCalculator<(int)1, unsigned int>, TrivialOffsetCalculator<(int)1, unsigned int>, at::native::memory::LoadWithCast<(int)1>, at::native::memory::StoreWithCast<(int)1>>(int, T1, T2, T4, T5, T6, T7)"
2.6,32452327,308,105364.7,105376.0,104288,106144,175.5,"void pytorch_flash::flash_fwd_splitkv_kernel<Flash_fwd_kernel_traits<(int)128, (int)64, (int)128, (int)4, (bool)0, (bool)0, cutlass::bfloat16_t, Flash_kernel_traits<(int)128, (int)64, (int)128, (int)4, cutlass::bfloat16_t>>, (bool)0, (bool)0, (bool)0, (bool)0, (bool)1, (bool)0, (bool)1, (bool)0>(pytorch_flash::Flash_fwd_params)"
2.4,29740310,1356,21932.4,1824.0,1696,394113,71169.2,"void at::native::elementwise_kernel<(int)128, (int)2, void at::native::gpu_kernel_impl_nocast<at::native::BinaryFunctor<float, float, float, at::native::binary_internal::MulFunctor<float>>>(at::TensorIteratorBase &, const T1 &)::[lambda(int) (instance 1)]>(int, T3)"
2.4,29481594,1356,21741.6,1280.0,1184,396065,72197.7,"void at::native::vectorized_elementwise_kernel<(int)4, void at::native::<unnamed>::pow_tensor_scalar_kernel_impl<float, float>(at::TensorIteratorBase &, T2)::[lambda(float) (instance 1)], std::array<char *, (unsigned long)2>>(int, T2, T3)"
2.1,26041904,672,38752.8,2112.0,1952,443009,121689.3,"void at::native::unrolled_elementwise_kernel<at::native::direct_copy_kernel_cuda(at::TensorIteratorBase &)::[lambda() (instance 3)]::operator ()() const::[lambda() (instance 5)]::operator ()() const::[lambda(short) (instance 1)], std::array<char *, (unsigned long)2>, (int)4, TrivialOffsetCalculator<(int)1, unsigned int>, TrivialOffsetCalculator<(int)1, unsigned int>, at::native::memory::LoadWithCast<(int)1>, at::native::memory::StoreWithCast<(int)1>>(int, T1, T2, T4, T5, T6, T7)"
2.0,24056978,1344,17899.5,2048.0,1920,221153,53221.3,"void at::native::unrolled_elementwise_kernel<at::native::direct_copy_kernel_cuda(at::TensorIteratorBase &)::[lambda() (instance 3)]::operator ()() const::[lambda() (instance 1)]::operator ()() const::[lambda(unsigned char) (instance 1)], std::array<char *, (unsigned long)2>, (int)4, TrivialOffsetCalculator<(int)1, unsigned int>, TrivialOffsetCalculator<(int)1, unsigned int>, at::native::memory::LoadWithCast<(int)1>, at::native::memory::StoreWithCast<(int)1>>(int, T1, T2, T4, T5, T6, T7)"
1.8,22573663,672,33591.8,2272.0,2080,410881,104230.8,"void at::native::elementwise_kernel<(int)128, (int)4, void at::native::gpu_kernel_impl_nocast<at::native::BinaryFunctor<unsigned char, unsigned char, unsigned char, at::native::rshift_kernel_cuda(at::TensorIteratorBase &)::[lambda() (instance 1)]::operator ()() const::[lambda() (instance 1)]::operator ()() const::[lambda(unsigned char, unsigned char) (instance 1)]>>(at::TensorIteratorBase &, const T1 &)::[lambda(int) (instance 1)]>(int, T3)"
1.8,22565350,1380,16351.7,1248.0,1184,296897,53643.0,"void at::native::vectorized_elementwise_kernel<(int)4, at::native::bfloat16_copy_kernel_cuda(at::TensorIteratorBase &)::[lambda(float) (instance 1)], std::array<char *, (unsigned long)2>>(int, T2, T3)"
1.6,19357149,672,28805.3,2912.0,2368,321729,86691.6,"void at::native::<unnamed>::searchsorted_cuda_kernel<float, long>(T2 *, const T1 *, const T1 *, const long *, long, long, long, bool, bool)"
1.5,18059545,1356,13318.2,2944.0,2496,201184,36759.5,"void at::native::reduce_kernel<(int)512, (int)1, at::native::ReduceOp<float, at::native::MeanOps<float, float, float, float>, unsigned int, float, (int)4, (int)4>>(T3)"
1.4,17384823,672,25870.3,1248.0,1216,298817,81720.4,"void at::native::vectorized_elementwise_kernel<(int)4, at::native::AUnaryFunctor<unsigned char, unsigned char, unsigned char, at::native::BitwiseAndFunctor<unsigned char>>, std::array<char *, (unsigned long)2>>(int, T2, T3)"
1.4,17306263,28,618080.8,621186.0,567010,642562,19680.9,ampere_bf16_s16816gemm_bf16_256x128_ldg8_f2f_stages_32x3_tn
1.2,15192943,672,22608.5,3648.0,2880,334497,67988.2,"void at::native::<unnamed>::CatArrayBatchedCopy<at::native::<unnamed>::OpaqueType<(unsigned int)2>, unsigned int, (int)4, (int)64, (int)64>(T1 *, at::native::<unnamed>::CatArrInputTensorMetadata<T1, T2, T4, T5>, at::native::<unnamed>::TensorSizeStride<T2, (unsigned int)4>, int, T2)"
1.2,14594441,56,260615.0,260737.0,249249,273281,4671.2,ampere_sgemm_128x64_tn
1.1,13769673,963,14298.7,1440.0,1248,444770,74191.8,"void at::native::vectorized_elementwise_kernel<(int)4, at::native::BinaryFunctor<c10::BFloat16, c10::BFloat16, c10::BFloat16, at::native::binary_internal::MulFunctor<float>>, std::array<char *, (unsigned long)3>>(int, T2, T3)"
1.0,12312778,56,219871.0,219296.5,146945,292769,72757.4,"void at::native::elementwise_kernel<(int)128, (int)4, void at::native::gpu_kernel_impl_nocast<at::native::CUDAFunctor_add<c10::BFloat16>>(at::TensorIteratorBase &, const T1 &)::[lambda(int) (instance 1)]>(int, T3)"
1.0,12151976,1540,7890.9,8192.0,5024,12864,2614.9,"std::enable_if<!T7, void>::type internal::gemvx::kernel<int, int, __nv_bfloat16, __nv_bfloat16, __nv_bfloat16, float, (bool)0, (bool)1, (bool)1, (bool)0, (int)7, (bool)0, cublasGemvParamsEx<int, cublasGemvTensorStridedBatched<const __nv_bfloat16>, cublasGemvTensorStridedBatched<const __nv_bfloat16>, cublasGemvTensorStridedBatched<__nv_bfloat16>, float>>(T13)"
1.0,12124074,672,18041.8,1888.0,1824,196897,53587.5,"void at::native::elementwise_kernel<(int)128, (int)2, void at::native::gpu_kernel_impl_nocast<at::native::BinaryFunctor<float, float, float, at::native::binary_internal::DivFunctor<float>>>(at::TensorIteratorBase &, const T1 &)::[lambda(int) (instance 1)]>(int, T3)"
0.9,11179650,57,196134.2,199616.0,2560,200385,26100.4,"void at::native::elementwise_kernel<(int)128, (int)2, void at::native::gpu_kernel_impl_nocast<at::native::direct_copy_kernel_cuda(at::TensorIteratorBase &)::[lambda() (instance 3)]::operator ()() const::[lambda() (instance 7)]::operator ()() const::[lambda(float) (instance 1)]>(at::TensorIteratorBase &, const T1 &)::[lambda(int) (instance 1)]>(int, T3)"
0.8,9885467,1288,7675.1,1408.0,1216,148736,29651.1,"void at::native::vectorized_elementwise_kernel<(int)4, at::native::CUDAFunctor_add<c10::BFloat16>, std::array<char *, (unsigned long)3>>(int, T2, T3)"
0.7,8868760,336,26395.1,1696.0,1664,298689,81925.8,"void at::native::vectorized_elementwise_kernel<(int)4, at::native::<unnamed>::silu_kernel(at::TensorIteratorBase &)::[lambda() (instance 1)]::operator ()() const::[lambda() (instance 6)]::operator ()() const::[lambda(c10::BFloat16) (instance 1)], std::array<char *, (unsigned long)2>>(int, T2, T3)"
0.6,7831093,616,12712.8,12736.0,12480,13024,108.5,ampere_bf16_s16816gemm_bf16_64x64_sliced1x2_ldg8_f2f_stages_64x5_tn
0.6,7703697,672,11463.8,3008.0,2848,105345,28158.8,"void at::native::reduce_kernel<(int)512, (int)1, at::native::ReduceOp<float, at::native::NormTwoOps<float, float, float, (bool)1>, unsigned int, float, (int)4, (int)4>>(T3)"
0.5,5845237,672,8698.3,2368.0,2081,105088,22557.8,"void at::native::elementwise_kernel<(int)128, (int)4, void at::native::gpu_kernel_impl_nocast<at::native::neg_kernel_cuda(at::TensorIteratorBase &)::[lambda() (instance 2)]::operator ()() const::[lambda() (instance 9)]::operator ()() const::[lambda(c10::BFloat16) (instance 1)]>(at::TensorIteratorBase &, const T1 &)::[lambda(int) (instance 1)]>(int, T3)"
0.4,5307315,12,442276.3,441857.5,441346,447042,1562.1,"void gemv2T_kernel_val<int, int, __nv_bfloat16, __nv_bfloat16, __nv_bfloat16, float, (int)128, (int)16, (int)4, (int)4, (bool)0, (bool)0, cublasGemvParamsEx<int, cublasGemvTensorStridedBatched<const __nv_bfloat16>, cublasGemvTensorStridedBatched<const __nv_bfloat16>, cublasGemvTensorStridedBatched<__nv_bfloat16>, float>>(T13, T6, T6)"
0.4,4674894,672,6956.7,2304.0,2208,61760,15476.6,"void at::native::elementwise_kernel<(int)128, (int)4, void at::native::gpu_kernel_impl_nocast<at::native::direct_copy_kernel_cuda(at::TensorIteratorBase &)::[lambda() (instance 3)]::operator ()() const::[lambda() (instance 1)]::operator ()() const::[lambda(unsigned char) (instance 1)]>(at::TensorIteratorBase &, const T1 &)::[lambda(int) (instance 1)]>(int, T3)"
0.2,2958438,308,9605.3,9616.0,9025,9984,167.9,"void pytorch_flash::flash_fwd_splitkv_combine_kernel<Flash_fwd_kernel_traits<(int)128, (int)64, (int)128, (int)4, (bool)0, (bool)0, cutlass::bfloat16_t, Flash_kernel_traits<(int)128, (int)64, (int)128, (int)4, cutlass::bfloat16_t>>, (int)4, (int)5, (bool)1>(pytorch_flash::Flash_fwd_params)"
0.2,1938177,1356,1429.3,1440.0,1248,2880,233.9,"void at::native::vectorized_elementwise_kernel<(int)4, at::native::rsqrt_kernel_cuda(at::TensorIteratorBase &)::[lambda() (instance 2)]::operator ()() const::[lambda() (instance 2)]::operator ()() const::[lambda(float) (instance 1)], std::array<char *, (unsigned long)2>>(int, T2, T3)"
0.2,1855907,1356,1368.7,1216.0,1152,3744,460.7,"void at::native::vectorized_elementwise_kernel<(int)4, at::native::CUDAFunctorOnSelf_add<float>, std::array<char *, (unsigned long)2>>(int, T2, T3)"
0.1,1835459,616,2979.6,2960.0,2592,3488,366.0,"void gemmSN_TN_kernel<float, (int)128, (int)16, (int)2, (int)4, (int)8, (int)9, (bool)0, cublasGemvTensorStridedBatched<const float>, cublasGemvTensorStridedBatched<const float>, cublasGemvTensorStridedBatched<float>>(cublasGemmSmallNParams<T9, T10, T11, T1>)"
0.1,1153510,672,1716.5,1600.0,1504,3488,457.1,"void at::native::elementwise_kernel<(int)128, (int)4, void at::native::gpu_kernel_impl_nocast<at::native::direct_copy_kernel_cuda(at::TensorIteratorBase &)::[lambda() (instance 3)]::operator ()() const::[lambda() (instance 10)]::operator ()() const::[lambda(c10::Half) (instance 1)]>(at::TensorIteratorBase &, const T1 &)::[lambda(int) (instance 1)]>(int, T3)"
0.1,1005409,672,1496.1,1344.0,1312,3328,460.7,"void at::native::vectorized_elementwise_kernel<(int)4, at::native::<unnamed>::launch_clamp_scalar(at::TensorIteratorBase &, c10::Scalar, c10::Scalar, at::native::detail::ClampLimits)::[lambda() (instance 1)]::operator ()() const::[lambda() (instance 7)]::operator ()() const::[lambda(float) (instance 1)], std::array<char *, (unsigned long)2>>(int, T2, T3)"
0.1,941121,672,1400.5,1216.0,1184,3776,575.7,"void at::native::vectorized_elementwise_kernel<(int)4, at::native::float16_copy_kernel_cuda(at::TensorIteratorBase &)::[lambda(float) (instance 1)], std::array<char *, (unsigned long)2>>(int, T2, T3)"
0.1,894467,672,1331.1,1280.0,1248,2177,218.1,"void at::native::vectorized_elementwise_kernel<(int)4, at::native::AUnaryFunctor<short, short, short, at::native::lshift_kernel_cuda(at::TensorIteratorBase &)::[lambda() (instance 1)]::operator ()() const::[lambda() (instance 5)]::operator ()() const::[lambda(short, short) (instance 1)]>, std::array<char *, (unsigned long)2>>(int, T2, T3)"
0.1,763458,672,1136.1,1088.0,1056,2176,214.7,"void <unnamed>::elementwise_kernel_with_index<int, at::native::arange_cuda_out(const c10::Scalar &, const c10::Scalar &, const c10::Scalar &, at::Tensor &)::[lambda() (instance 1)]::operator ()() const::[lambda() (instance 5)]::operator ()() const::[lambda(long) (instance 1)]>(T1, T2, function_traits<T2>::result_type *)"
0.1,760769,672,1132.1,1056.0,1056,1984,211.0,"void <unnamed>::elementwise_kernel_with_index<int, at::native::arange_cuda_out(const c10::Scalar &, const c10::Scalar &, const c10::Scalar &, at::Tensor &)::[lambda() (instance 1)]::operator ()() const::[lambda() (instance 1)]::operator ()() const::[lambda(long) (instance 1)]>(T1, T2, function_traits<T2>::result_type *)"
0.0,102240,12,8520.0,8480.0,8352,9088,184.6,"void at::native::reduce_kernel<(int)512, (int)1, at::native::ReduceOp<c10::BFloat16, at::native::ArgMaxOps<float>, unsigned int, long, (int)4, (int)4>>(T3)"
0.0,96448,1,96448.0,96448.0,96448,96448,0.0,"void at::native::vectorized_gather_kernel<(int)16, long>(char *, char *, T2 *, int, long, long, long, long, bool)"
0.0,79616,24,3317.3,1248.0,1184,26688,7032.4,"void at::native::vectorized_elementwise_kernel<(int)4, at::native::AUnaryFunctor<float, float, float, at::native::binary_internal::MulFunctor<float>>, std::array<char *, (unsigned long)2>>(int, T2, T3)"
0.0,49120,12,4093.3,2080.0,2048,26208,6964.4,"void at::native::vectorized_elementwise_kernel<(int)4, at::native::sin_kernel_cuda(at::TensorIteratorBase &)::[lambda() (instance 2)]::operator ()() const::[lambda() (instance 2)]::operator ()() const::[lambda(float) (instance 1)], std::array<char *, (unsigned long)2>>(int, T2, T3)"
0.0,47680,12,3973.3,2144.0,2112,24064,6327.0,"void at::native::vectorized_elementwise_kernel<(int)4, at::native::cos_kernel_cuda(at::TensorIteratorBase &)::[lambda() (instance 2)]::operator ()() const::[lambda() (instance 2)]::operator ()() const::[lambda(float) (instance 1)], std::array<char *, (unsigned long)2>>(int, T2, T3)"
0.0,29344,11,2667.6,2656.0,2656,2688,16.1,"void at::native::<unnamed>::indexSelectSmallIndex<c10::BFloat16, long, unsigned int, (int)2, (int)2, (int)-2>(at::cuda::detail::TensorInfo<T1, T3>, at::cuda::detail::TensorInfo<const T1, T3>, at::cuda::detail::TensorInfo<const T2, T3>, int, int, T3, long)"
0.0,27200,1,27200.0,27200.0,27200,27200,0.0,"void at::native::<unnamed>::CatArrayBatchedCopy<at::native::<unnamed>::OpaqueType<(unsigned int)4>, unsigned int, (int)3, (int)64, (int)64>(T1 *, at::native::<unnamed>::CatArrInputTensorMetadata<T1, T2, T4, T5>, at::native::<unnamed>::TensorSizeStride<T2, (unsigned int)4>, int, T2)"
0.0,22464,11,2042.2,2048.0,2016,2080,19.3,"void at::native::<unnamed>::CatArrayBatchedCopy_vectorized<at::native::<unnamed>::OpaqueType<(unsigned int)4>, unsigned int, (int)3, (int)128, (int)1, (int)16, (int)4>(char *, at::native::<unnamed>::CatArrInputTensorMetadata<T1, T2, T4, T5>, at::native::<unnamed>::TensorSizeStride<T2, (unsigned int)4>, int, T2)"
0.0,22240,12,1853.3,1376.0,1344,7040,1633.5,_bmm_outer_product_kernel
0.0,17760,12,1480.0,1456.0,1408,1824,111.0,"void at::native::vectorized_elementwise_kernel<(int)2, at::native::CUDAFunctorOnSelf_add<long>, std::array<char *, (unsigned long)2>>(int, T2, T3)"
0.0,13536,12,1128.0,1088.0,1056,1696,179.5,"void <unnamed>::elementwise_kernel_with_index<int, at::native::arange_cuda_out(const c10::Scalar &, const c10::Scalar &, const c10::Scalar &, at::Tensor &)::[lambda() (instance 1)]::operator ()() const::[lambda() (instance 4)]::operator ()() const::[lambda(long) (instance 1)]>(T1, T2, function_traits<T2>::result_type *)"
0.0,2176,1,2176.0,2176.0,2176,2176,0.0,"void at::native::<unnamed>::distribution_elementwise_grid_stride_kernel<unsigned int, (int)4, void at::native::templates::cuda::random_from_to_kernel<at::CUDAGeneratorImpl *>(at::TensorIteratorBase &, unsigned long, long, T1)::[lambda() (instance 1)]::operator ()() const::[lambda() (instance 4)]::operator ()() const::[lambda(curandStatePhilox4_32_10 *) (instance 2)], void at::native::<unnamed>::distribution_nullary_kernel<long, unsigned int, uint4, at::CUDAGeneratorImpl *, void at::native::templates::cuda::random_from_to_kernel<at::CUDAGeneratorImpl *>(at::TensorIteratorBase &, unsigned long, long, T1)::[lambda() (instance 1)]::operator ()() const::[lambda() (instance 4)]::operator ()() const::[lambda(curandStatePhilox4_32_10 *) (instance 2)], void at::native::templates::cuda::random_from_to_kernel<at::CUDAGeneratorImpl *>(at::TensorIteratorBase &, unsigned long, long, T1)::[lambda() (instance 1)]::operator ()() const::[lambda() (instance 4)]::operator ()() const::[lambda(unsigned int) (instance 1)]>(at::TensorIteratorBase &, T4, const T5 &, T6)::[lambda(int, unsigned int) (instance 1)]>(long, at::PhiloxCudaState, T3, T4)"
